{
  "MSE": 41.12158203125,
  "RMSE": 6.4126111710636255,
  "MAE": 4.427307605743408,
  "R2": 0.5860681533813477
}